{"best_params": {"depth": 9, "iterations": 200, "l2_leaf_reg": 5, "learning_rate": 0.1}, "best_score": 0.1738132295205435, "metrics": {"train": {"mse": 59268864.5543079, "rmse": 7698.6274461301155, "r2": 0.9986242528319463}, "test": {"mse": 2204086156.4710164, "rmse": 46947.69596552121, "r2": 0.23590214331332715}}}